date,time,month,week_day,shop,user_id,order_id,cat_id,prod_id,price,cnt_prod
2022-06-18,03:40:31,6,5,3,4,0,4,19,239,1
2022-06-23,14:35:58,6,3,2,5,1,5,24,289,2
2022-04-08,22:04:48,4,4,1,9,2,2,7,119,1
2022-04-08,22:04:48,4,4,1,9,2,5,20,249,1
2022-04-08,22:04:48,4,4,1,9,2,3,10,149,1
2022-08-19,13:00:08,8,4,1,5,3,4,18,229,1
2022-08-19,13:00:08,8,4,1,5,3,3,10,149,1
2022-11-09,21:24:54,11,2,7,9,4,5,20,249,1
2022-11-09,21:24:54,11,2,7,9,4,4,18,229,1
2022-11-06,14:35:54,11,6,3,3,5,3,12,169,1
2022-11-06,14:35:54,11,6,3,3,5,2,8,129,2
2022-06-30,11:27:14,6,3,9,9,6,4,17,219,1
2022-06-30,11:27:14,6,3,9,9,6,2,7,119,1
2022-06-15,01:14:16,6,2,8,2,7,5,23,279,1
2022-06-15,01:14:16,6,2,8,2,7,3,13,179,1
2022-06-15,01:14:16,6,2,8,2,7,2,5,99,1
2022-06-11,03:46:59,6,5,2,8,8,1,4,89,1
2022-06-11,03:46:59,6,5,2,8,8,2,5,99,1
2022-10-02,19:20:43,10,6,3,7,9,4,15,199,1
2022-12-14,09:43:47,12,2,10,5,10,3,14,189,1
2022-12-14,09:43:47,12,2,10,5,10,5,24,289,1
2022-06-13,07:23:00,6,0,10,9,11,1,1,59,1
2022-06-13,07:23:00,6,0,10,9,11,2,5,99,1
2022-06-13,07:23:00,6,0,10,9,11,2,7,119,1
2022-12-02,23:44:32,12,4,7,4,12,2,5,99,1
2022-12-02,23:44:32,12,4,7,4,12,3,13,179,1
2022-12-02,23:44:32,12,4,7,4,12,2,7,119,1
2022-12-02,07:26:07,12,4,2,2,13,3,11,159,1
2022-06-27,21:36:32,6,0,2,6,14,4,19,239,1
2022-06-27,21:36:32,6,0,2,6,14,2,9,139,1
2022-03-09,03:36:02,3,2,7,5,15,4,15,199,1
2022-08-21,02:51:31,8,6,3,2,16,3,13,179,1
2022-08-21,02:51:31,8,6,3,2,16,1,4,89,1
2022-08-06,10:20:10,8,5,10,4,17,1,0,49,1
2022-08-06,10:20:10,8,5,10,4,17,4,19,239,1
2022-08-06,10:20:10,8,5,10,4,17,1,4,89,1
2022-06-23,18:13:38,6,3,2,7,18,2,7,119,1
2022-06-23,18:13:38,6,3,2,7,18,2,5,99,2
2022-06-23,18:13:38,6,3,2,7,18,4,16,209,1
2022-01-10,01:37:23,1,0,6,0,19,3,14,189,1
2022-01-10,01:37:23,1,0,6,0,19,3,13,179,2
2022-01-10,01:37:23,1,0,6,0,19,2,9,139,1
2022-06-02,23:10:30,6,3,1,9,20,4,16,209,1
2022-04-27,04:02:07,4,2,8,8,21,2,6,109,2
2022-02-07,22:14:31,2,0,3,7,22,4,16,209,1
2022-07-22,00:47:34,7,4,4,5,23,2,8,129,1
2022-07-22,00:47:34,7,4,4,5,23,1,4,89,1
2022-01-20,06:32:10,1,3,6,8,24,2,8,129,1
2022-05-21,20:16:27,5,5,10,5,25,5,21,259,2
2022-05-21,20:16:27,5,5,10,5,25,1,1,59,1
2022-05-21,20:16:27,5,5,10,5,25,1,4,89,1
2022-04-18,20:02:17,4,0,1,5,26,1,0,49,1
2022-04-18,20:02:17,4,0,1,5,26,4,16,209,1
2022-04-18,20:02:17,4,0,1,5,26,1,1,59,1
2022-12-11,08:22:41,12,6,3,3,27,5,21,259,1
2022-12-11,08:22:41,12,6,3,3,27,3,14,189,2
2022-08-27,23:48:04,8,5,10,1,28,1,4,89,2
2022-08-27,23:48:04,8,5,10,1,28,3,11,159,1
2022-11-15,01:11:20,11,1,5,1,29,3,13,179,1
2022-11-15,01:11:20,11,1,5,1,29,5,23,279,1
2022-09-09,19:41:13,9,4,10,9,30,5,22,269,1
2022-09-09,19:41:13,9,4,10,9,30,1,2,69,1
2022-09-21,16:04:16,9,2,3,1,31,3,10,149,1
2022-09-21,16:04:16,9,2,3,1,31,3,14,189,1
2022-09-21,16:04:16,9,2,3,1,31,2,5,99,1
2022-11-29,00:34:13,11,1,8,8,32,2,7,119,1
2022-11-29,00:34:13,11,1,8,8,32,2,6,109,1
2022-11-29,00:34:13,11,1,8,8,32,2,8,129,1
2022-09-26,20:14:08,9,0,9,5,33,1,1,59,1
2022-09-26,20:14:08,9,0,9,5,33,1,2,69,1
2022-09-26,20:14:08,9,0,9,5,33,3,13,179,1
2022-05-20,08:28:23,5,4,1,1,34,3,14,189,1
2022-05-20,08:28:23,5,4,1,1,34,5,24,289,1
2022-08-17,23:02:51,8,2,8,5,35,5,21,259,1
2022-08-17,23:02:51,8,2,8,5,35,5,23,279,1
2022-08-17,23:02:51,8,2,8,5,35,3,14,189,1
2022-11-10,21:20:56,11,3,7,1,36,2,5,99,1
2022-11-10,21:20:56,11,3,7,1,36,5,24,289,1
2022-10-02,20:57:09,10,6,2,3,37,1,3,79,1
2022-10-02,20:57:09,10,6,2,3,37,3,10,149,1
2022-10-02,20:57:09,10,6,2,3,37,1,3,79,1
2022-02-19,14:37:18,2,5,10,1,38,5,24,289,1
2022-02-19,14:37:18,2,5,10,1,38,3,14,189,1
2022-07-08,17:15:58,7,4,9,1,39,2,8,129,1
2022-07-08,17:15:58,7,4,9,1,39,5,24,289,1
2022-07-08,17:15:58,7,4,9,1,39,1,2,69,1
2022-01-10,07:34:33,1,0,4,6,40,5,20,249,2
2022-01-10,07:34:33,1,0,4,6,40,4,18,229,1
2022-01-22,23:34:15,1,5,8,1,41,2,9,139,2
2022-10-15,19:45:46,10,5,8,2,42,1,1,59,2
2022-06-05,06:55:36,6,6,9,9,43,1,4,89,1
2022-06-05,06:55:36,6,6,9,9,43,3,10,149,1
2022-05-03,01:44:00,5,1,8,5,44,2,7,119,1
2022-11-07,07:41:26,11,0,1,5,45,2,9,139,1
2022-11-07,07:41:26,11,0,1,5,45,3,10,149,1
2022-11-07,07:41:26,11,0,1,5,45,5,23,279,1
2022-07-19,07:25:38,7,1,6,6,46,1,1,59,1
2022-07-19,07:25:38,7,1,6,6,46,1,2,69,1
2022-07-19,07:25:38,7,1,6,6,46,4,17,219,1
2022-03-13,00:57:09,3,6,9,0,47,3,10,149,1
2022-03-13,00:57:09,3,6,9,0,47,4,19,239,1
2022-03-13,00:57:09,3,6,9,0,47,3,13,179,1
2022-12-14,02:45:25,12,2,1,7,48,5,22,269,1
2022-11-28,18:12:03,11,0,4,3,49,1,4,89,1
2022-11-28,18:12:03,11,0,4,3,49,1,2,69,2
2022-01-03,05:30:36,1,0,3,5,50,5,23,279,1
2022-01-03,05:30:36,1,0,3,5,50,1,2,69,1
2022-07-05,02:10:11,7,1,10,5,51,3,12,169,1
2022-01-09,19:59:47,1,6,9,2,52,4,18,229,2
2022-01-09,19:59:47,1,6,9,2,52,5,23,279,1
2022-07-05,22:45:49,7,1,10,5,53,3,11,159,1
2022-08-27,22:41:51,8,5,7,4,54,1,1,59,1
2022-08-27,22:41:51,8,5,7,4,54,4,18,229,1
2022-03-19,09:42:05,3,5,2,0,55,4,15,199,1
2022-06-12,13:06:48,6,6,6,5,56,1,0,49,1
2022-06-12,13:06:48,6,6,6,5,56,5,22,269,1
2022-10-07,00:50:01,10,4,6,1,57,3,13,179,1
2022-10-07,00:50:01,10,4,6,1,57,3,11,159,2
2022-10-07,00:50:01,10,4,6,1,57,2,9,139,1
2022-01-12,03:36:16,1,2,10,6,58,1,4,89,1
2022-01-12,03:36:16,1,2,10,6,58,4,18,229,1
2022-01-12,07:28:17,1,2,9,1,59,4,19,239,2
2022-01-12,07:28:17,1,2,9,1,59,1,2,69,1
2022-04-10,04:31:28,4,6,6,4,60,4,17,219,1
2022-09-06,10:34:17,9,1,6,6,61,4,19,239,1
2022-09-06,10:34:17,9,1,6,6,61,5,22,269,1
2022-06-03,15:14:03,6,4,6,7,62,3,14,189,1
2022-06-03,15:14:03,6,4,6,7,62,5,20,249,1
2022-02-14,22:33:24,2,0,8,7,63,2,7,119,1
2022-08-25,20:35:19,8,3,2,0,64,1,1,59,1
2022-08-25,20:35:19,8,3,2,0,64,5,20,249,1
2022-09-16,07:11:12,9,4,6,4,65,2,7,119,1
2022-09-16,07:11:12,9,4,6,4,65,3,14,189,1
2022-08-02,00:04:07,8,1,2,5,66,5,22,269,1
2022-08-02,00:04:07,8,1,2,5,66,1,0,49,1
2022-08-02,00:04:07,8,1,2,5,66,3,10,149,1
2022-06-13,12:37:47,6,0,10,7,67,4,16,209,1
2022-06-13,12:37:47,6,0,10,7,67,4,17,219,1
2022-06-13,12:37:47,6,0,10,7,67,5,23,279,1
2022-06-10,22:58:44,6,4,9,7,68,3,13,179,1
2022-06-10,22:58:44,6,4,9,7,68,4,18,229,1
2022-08-06,23:39:12,8,5,8,4,69,1,1,59,1
2022-08-06,23:39:12,8,5,8,4,69,3,13,179,1
2022-03-14,22:35:11,3,0,5,7,70,1,1,59,1
2022-05-02,00:29:56,5,0,8,6,71,3,12,169,1
2022-11-23,06:50:11,11,2,7,1,72,2,7,119,1
2022-11-23,06:50:11,11,2,7,1,72,2,8,129,1
2022-11-23,06:50:11,11,2,7,1,72,2,7,119,2
2022-03-23,05:37:12,3,2,2,6,73,2,9,139,2
2022-06-25,23:31:50,6,5,1,2,74,2,7,119,2
2022-01-23,00:30:07,1,6,1,3,75,4,17,219,1
2022-01-23,00:30:07,1,6,1,3,75,2,7,119,1
2022-01-23,00:30:07,1,6,1,3,75,5,21,259,1
2022-06-19,20:54:19,6,6,10,0,76,3,14,189,1
2022-06-19,20:54:19,6,6,10,0,76,3,10,149,1
2022-06-19,20:54:19,6,6,10,0,76,4,19,239,1
2022-02-04,05:12:09,2,4,10,1,77,2,9,139,1
2022-02-04,05:12:09,2,4,10,1,77,1,3,79,1
2022-02-04,05:12:09,2,4,10,1,77,4,15,199,1
2022-02-15,22:10:07,2,1,8,3,78,5,24,289,1
2022-02-15,22:10:07,2,1,8,3,78,3,13,179,1
2022-09-29,12:58:43,9,3,4,6,79,1,3,79,1
2022-09-29,12:58:43,9,3,4,6,79,3,12,169,1
2022-09-29,12:58:43,9,3,4,6,79,4,17,219,1
2022-06-19,19:29:49,6,6,7,6,80,2,6,109,1
2022-06-19,19:29:49,6,6,7,6,80,4,18,229,1
2022-06-19,19:29:49,6,6,7,6,80,2,6,109,1
2022-07-16,06:18:55,7,5,2,8,81,1,3,79,2
2022-10-31,16:41:17,10,0,1,5,82,5,23,279,1
2022-05-28,06:40:02,5,5,5,8,83,5,24,289,1
2022-05-28,06:40:02,5,5,5,8,83,3,14,189,1
2022-06-22,09:18:36,6,2,2,2,84,2,7,119,1
2022-06-22,09:18:36,6,2,2,2,84,1,3,79,1
2022-11-30,21:01:44,11,2,7,7,85,2,5,99,1
2022-01-20,19:27:00,1,3,8,0,86,2,7,119,1
2022-01-20,19:27:00,1,3,8,0,86,2,8,129,2
2022-07-29,06:20:32,7,4,4,6,87,5,20,249,1
2022-07-29,06:20:32,7,4,4,6,87,5,22,269,1
2022-07-29,06:20:32,7,4,4,6,87,4,19,239,1
2022-05-25,19:54:52,5,2,4,1,88,3,14,189,1
2022-05-25,19:54:52,5,2,4,1,88,4,15,199,1
2022-05-25,19:54:52,5,2,4,1,88,1,1,59,1
2022-06-09,13:04:55,6,3,7,4,89,1,2,69,1
2022-06-09,13:04:55,6,3,7,4,89,1,4,89,1
2022-01-03,14:24:01,1,0,9,1,90,2,8,129,1
2022-01-03,14:24:01,1,0,9,1,90,4,16,209,1
2022-04-06,13:49:06,4,2,5,5,91,3,11,159,2
2022-04-06,13:49:06,4,2,5,5,91,4,17,219,1
2022-01-29,20:16:20,1,5,5,9,92,4,19,239,1
2022-01-29,20:16:20,1,5,5,9,92,5,23,279,1
2022-01-29,20:16:20,1,5,5,9,92,5,24,289,1
2022-03-01,15:01:10,3,1,6,8,93,2,5,99,1
2022-03-01,15:01:10,3,1,6,8,93,4,18,229,1
2022-03-01,15:01:10,3,1,6,8,93,1,3,79,1
2022-11-10,15:17:43,11,3,3,4,94,5,23,279,1
2022-11-10,15:17:43,11,3,3,4,94,1,2,69,1
2022-01-19,05:08:30,1,2,3,7,95,4,17,219,1
2022-01-19,05:08:30,1,2,3,7,95,5,23,279,1
2022-01-19,05:08:30,1,2,3,7,95,2,5,99,1
2022-02-27,07:36:00,2,6,8,1,96,5,21,259,1
2022-02-27,07:36:00,2,6,8,1,96,3,11,159,2
2022-03-24,11:41:21,3,3,6,0,97,2,9,139,1
2022-03-24,11:41:21,3,3,6,0,97,4,18,229,1
2022-09-30,13:45:53,9,4,2,3,98,4,15,199,1
2022-09-30,13:45:53,9,4,2,3,98,2,5,99,1
2022-04-16,07:31:11,4,5,3,2,99,2,7,119,1
2022-04-16,07:31:11,4,5,3,2,99,2,8,129,1
2022-08-04,17:29:16,8,3,10,4,100,5,21,259,1
2022-08-04,17:29:16,8,3,10,4,100,2,7,119,1
2022-09-05,17:22:52,9,0,4,1,101,4,17,219,1
2022-09-05,17:22:52,9,0,4,1,101,3,10,149,1
2022-09-05,17:22:52,9,0,4,1,101,2,6,109,1
2022-03-13,23:08:41,3,6,6,1,102,5,22,269,2
2022-03-13,23:08:41,3,6,6,1,102,1,2,69,1
2022-05-05,10:53:10,5,3,4,9,103,3,11,159,1
2022-05-05,10:53:10,5,3,4,9,103,1,3,79,1
2022-05-05,10:53:10,5,3,4,9,103,2,6,109,1
2022-04-28,02:08:45,4,3,2,4,104,2,5,99,1
2022-01-30,00:41:14,1,6,1,6,105,1,3,79,1
2022-01-24,15:10:25,1,0,7,2,106,5,24,289,1
2022-01-24,15:10:25,1,0,7,2,106,1,3,79,1
2022-03-16,18:27:36,3,2,1,6,107,1,1,59,1
2022-03-16,18:27:36,3,2,1,6,107,3,12,169,1
2022-06-27,04:22:40,6,0,2,2,108,4,17,219,1
2022-10-02,19:21:35,10,6,4,5,109,2,6,109,1
2022-10-02,19:21:35,10,6,4,5,109,3,12,169,1
2022-02-24,08:28:53,2,3,10,1,110,5,20,249,1
2022-02-22,13:30:20,2,1,2,6,111,2,8,129,1
2022-02-22,13:30:20,2,1,2,6,111,1,3,79,1
2022-05-28,22:16:21,5,5,10,0,112,1,0,49,1
2022-05-28,22:16:21,5,5,10,0,112,3,10,149,1
2022-05-28,22:16:21,5,5,10,0,112,4,16,209,1
2022-06-19,02:44:49,6,6,1,4,113,2,9,139,1
2022-06-19,02:44:49,6,6,1,4,113,1,4,89,1
2022-08-18,21:53:04,8,3,9,5,114,1,0,49,1
2022-08-09,09:17:02,8,1,2,6,115,4,17,219,1
2022-12-06,21:01:08,12,1,2,5,116,4,19,239,1
2022-12-06,21:01:08,12,1,2,5,116,2,6,109,1
2022-08-31,10:38:19,8,2,7,6,117,5,22,269,1
2022-08-31,10:38:19,8,2,7,6,117,1,1,59,1
2022-11-10,17:03:39,11,3,8,5,118,1,2,69,1
2022-02-22,09:23:01,2,1,5,2,119,5,22,269,2
2022-02-22,09:23:01,2,1,5,2,119,1,3,79,1
2022-02-22,09:23:01,2,1,5,2,119,4,17,219,1
2022-02-07,22:02:05,2,0,8,2,120,2,9,139,2
2022-02-09,10:20:16,2,2,9,3,121,1,0,49,1
2022-02-09,10:20:16,2,2,9,3,121,4,17,219,1
2022-04-22,09:15:28,4,4,5,3,122,1,3,79,1
2022-04-09,21:33:32,4,5,4,8,123,2,6,109,1
2022-04-09,21:33:32,4,5,4,8,123,4,19,239,1
2022-03-01,03:50:23,3,1,10,1,124,2,6,109,1
2022-03-01,03:50:23,3,1,10,1,124,3,10,149,1
2022-03-01,23:18:05,3,1,1,0,125,5,21,259,1
2022-03-01,23:18:05,3,1,1,0,125,1,2,69,2
2022-01-07,19:10:08,1,4,5,3,126,1,1,59,2
2022-01-07,19:10:08,1,4,5,3,126,4,19,239,1
2022-03-29,09:55:56,3,1,10,9,127,5,22,269,1
2022-02-28,20:35:27,2,0,9,0,128,4,19,239,1
2022-02-28,20:35:27,2,0,9,0,128,4,16,209,1
2022-11-14,16:20:49,11,0,2,6,129,3,13,179,1
2022-11-14,16:20:49,11,0,2,6,129,1,4,89,1
2022-02-16,01:10:35,2,2,1,3,130,3,13,179,1
2022-02-16,01:10:35,2,2,1,3,130,2,9,139,1
2022-05-30,06:24:53,5,0,6,4,131,3,10,149,1
2022-05-30,06:24:53,5,0,6,4,131,4,19,239,1
2022-05-30,06:24:53,5,0,6,4,131,1,0,49,2
2022-07-19,00:04:11,7,1,7,6,132,2,7,119,1
2022-12-17,02:13:51,12,5,3,8,133,1,0,49,1
2022-12-17,02:13:51,12,5,3,8,133,1,1,59,1
2022-08-21,18:56:16,8,6,9,7,134,5,23,279,1
2022-08-21,18:56:16,8,6,9,7,134,5,20,249,1
2022-08-21,18:56:16,8,6,9,7,134,3,10,149,1
2022-02-22,09:33:36,2,1,3,9,135,3,11,159,1
2022-02-22,09:33:36,2,1,3,9,135,3,14,189,2
2022-04-20,21:43:48,4,2,10,6,136,2,6,109,1
2022-04-20,21:43:48,4,2,10,6,136,1,0,49,1
2022-04-20,21:43:48,4,2,10,6,136,4,19,239,1
2022-06-30,17:20:58,6,3,4,0,137,5,21,259,2
2022-06-30,17:20:58,6,3,4,0,137,5,24,289,1
2022-06-30,17:20:58,6,3,4,0,137,3,13,179,1
2022-11-26,12:21:32,11,5,1,8,138,3,14,189,1
2022-11-26,12:21:32,11,5,1,8,138,4,15,199,1
2022-11-26,12:21:32,11,5,1,8,138,1,2,69,1
2022-05-25,22:51:59,5,2,2,6,139,1,4,89,1
2022-05-25,22:51:59,5,2,2,6,139,1,2,69,1
2022-05-25,22:51:59,5,2,2,6,139,3,11,159,1
2022-01-29,12:34:11,1,5,9,9,140,3,13,179,1
2022-01-29,12:34:11,1,5,9,9,140,4,19,239,1
2022-01-29,12:34:11,1,5,9,9,140,4,17,219,1
2022-10-03,04:59:55,10,0,10,5,141,2,7,119,1
2022-10-03,04:59:55,10,0,10,5,141,4,17,219,1
2022-10-03,04:59:55,10,0,10,5,141,2,5,99,1
2022-10-18,15:06:09,10,1,6,6,142,5,23,279,1
2022-10-18,15:06:09,10,1,6,6,142,1,0,49,1
2022-10-11,15:14:36,10,1,7,5,143,2,8,129,2
2022-10-11,15:14:36,10,1,7,5,143,2,5,99,1
2022-10-11,15:14:36,10,1,7,5,143,3,13,179,1
2022-02-12,13:52:58,2,5,4,5,144,5,23,279,1
2022-02-12,13:52:58,2,5,4,5,144,3,14,189,1
2022-02-12,13:52:58,2,5,4,5,144,4,18,229,1
2022-04-16,15:58:43,4,5,2,7,145,3,14,189,1
2022-11-03,21:47:03,11,3,4,2,146,5,22,269,1
2022-11-03,21:47:03,11,3,4,2,146,1,4,89,1
2022-11-03,21:47:03,11,3,4,2,146,1,0,49,1
2022-11-25,03:22:00,11,4,10,2,147,3,13,179,1
2022-03-05,17:45:40,3,5,10,0,148,3,11,159,1
2022-06-07,07:26:31,6,1,1,2,149,5,23,279,1
2022-09-30,02:37:17,9,4,6,4,150,1,2,69,1
2022-09-30,02:37:17,9,4,6,4,150,5,23,279,1
2022-09-04,17:56:24,9,6,10,0,151,4,18,229,2
2022-09-04,17:56:24,9,6,10,0,151,1,3,79,2
2022-09-04,17:56:24,9,6,10,0,151,4,16,209,1
2022-08-29,05:19:46,8,0,3,1,152,3,10,149,1
2022-08-29,05:19:46,8,0,3,1,152,4,17,219,1
2022-07-03,19:25:06,7,6,1,3,153,2,9,139,1
2022-07-03,19:25:06,7,6,1,3,153,5,21,259,1
2022-07-03,19:25:06,7,6,1,3,153,5,20,249,1
2022-02-06,19:33:22,2,6,3,7,154,2,8,129,1
2022-02-06,19:33:22,2,6,3,7,154,2,9,139,2
2022-04-08,08:04:33,4,4,6,4,155,5,24,289,1
2022-04-08,08:04:33,4,4,6,4,155,2,8,129,1
2022-11-16,05:34:09,11,2,7,0,156,2,6,109,1
2022-11-16,05:34:09,11,2,7,0,156,1,0,49,2
2022-08-29,14:21:03,8,0,3,2,157,1,1,59,1
2022-08-29,14:21:03,8,0,3,2,157,3,11,159,1
2022-01-25,01:07:05,1,1,3,8,158,5,22,269,1
2022-03-22,21:06:21,3,1,10,2,159,4,18,229,1
2022-08-26,00:24:29,8,4,8,7,160,4,15,199,1
2022-08-26,00:24:29,8,4,8,7,160,4,17,219,1
2022-12-24,12:52:05,12,5,2,1,161,4,19,239,1
2022-11-25,18:26:40,11,4,1,4,162,3,12,169,1
2022-11-14,01:56:48,11,0,7,5,163,3,10,149,2
2022-09-26,19:18:57,9,0,7,3,164,4,16,209,1
2022-09-26,19:18:57,9,0,7,3,164,5,24,289,1
2022-09-26,19:18:57,9,0,7,3,164,3,12,169,1
2022-07-23,14:27:12,7,5,5,8,165,1,4,89,1
2022-07-23,14:27:12,7,5,5,8,165,1,2,69,1
2022-07-23,14:27:12,7,5,5,8,165,1,4,89,1
2022-07-16,18:42:21,7,5,2,3,166,1,0,49,1
2022-07-16,18:42:21,7,5,2,3,166,3,11,159,1
2022-01-16,12:31:35,1,6,7,1,167,4,18,229,1
2022-01-16,12:31:35,1,6,7,1,167,2,6,109,1
2022-01-26,03:50:35,1,2,4,2,168,3,12,169,1
2022-01-26,03:50:35,1,2,4,2,168,5,23,279,1
2022-10-09,11:14:56,10,6,9,6,169,4,15,199,1
2022-07-24,11:28:08,7,6,8,8,170,2,9,139,1
2022-07-24,11:28:08,7,6,8,8,170,3,11,159,1
2022-07-24,11:28:08,7,6,8,8,170,5,21,259,1
2022-09-17,09:28:05,9,5,4,3,171,5,23,279,2
2022-09-17,09:28:05,9,5,4,3,171,2,9,139,1
2022-09-17,09:28:05,9,5,4,3,171,5,22,269,1
2022-11-24,16:10:45,11,3,10,2,172,2,8,129,1
2022-11-24,16:10:45,11,3,10,2,172,5,21,259,1
2022-03-04,19:34:40,3,4,7,3,173,2,8,129,1
2022-03-04,19:34:40,3,4,7,3,173,2,9,139,1
2022-03-01,18:25:44,3,1,1,8,174,5,24,289,1
2022-02-01,17:37:29,2,1,3,4,175,1,2,69,1
2022-02-01,17:37:29,2,1,3,4,175,5,23,279,1
2022-04-02,02:13:53,4,5,3,1,176,5,24,289,2
2022-01-07,11:15:44,1,4,6,0,177,5,20,249,1
2022-01-07,11:15:44,1,4,6,0,177,3,11,159,1
2022-01-07,11:15:44,1,4,6,0,177,2,6,109,1
2022-01-17,19:15:05,1,0,9,9,178,3,14,189,1
2022-02-19,00:35:27,2,5,8,5,179,5,23,279,1
2022-09-13,20:25:31,9,1,10,6,180,3,11,159,1
2022-09-13,20:25:31,9,1,10,6,180,4,16,209,1
2022-09-13,20:25:31,9,1,10,6,180,1,0,49,1
2022-05-20,07:43:20,5,4,8,2,181,5,22,269,1
2022-05-20,07:43:20,5,4,8,2,181,3,10,149,1
2022-05-20,07:43:20,5,4,8,2,181,5,21,259,1
2022-09-07,08:48:27,9,2,6,1,182,5,24,289,1
2022-07-26,05:34:30,7,1,1,8,183,4,15,199,1
2022-07-26,05:34:30,7,1,1,8,183,4,18,229,1
2022-04-27,14:13:15,4,2,7,0,184,5,20,249,1
2022-04-27,14:13:15,4,2,7,0,184,2,9,139,1
2022-11-26,16:21:24,11,5,1,5,185,5,24,289,1
2022-10-11,06:38:54,10,1,9,9,186,1,2,69,1
2022-10-11,06:38:54,10,1,9,9,186,1,3,79,1
2022-10-11,06:38:54,10,1,9,9,186,5,22,269,1
2022-07-25,20:58:05,7,0,1,0,187,1,1,59,1
2022-07-25,20:58:05,7,0,1,0,187,2,9,139,1
2022-07-25,20:58:05,7,0,1,0,187,2,6,109,1
2022-05-21,03:18:26,5,5,4,6,188,1,4,89,1
2022-05-21,03:18:26,5,5,4,6,188,2,9,139,1
2022-01-02,20:10:25,1,6,8,2,189,5,24,289,1
2022-01-02,20:10:25,1,6,8,2,189,4,18,229,1
2022-01-02,20:10:25,1,6,8,2,189,2,6,109,1
2022-03-25,09:17:58,3,4,5,3,190,1,0,49,1
2022-03-01,13:29:43,3,1,10,4,191,2,5,99,1
2022-05-15,19:22:48,5,6,9,7,192,3,13,179,1
2022-11-17,07:03:20,11,3,4,4,193,4,17,219,1
2022-05-25,08:07:23,5,2,3,9,194,3,12,169,2
2022-05-25,08:07:23,5,2,3,9,194,4,15,199,1
2022-11-23,17:35:20,11,2,4,2,195,2,8,129,1
2022-11-23,17:35:20,11,2,4,2,195,3,10,149,1
2022-11-23,17:35:20,11,2,4,2,195,3,14,189,1
2022-04-09,17:58:50,4,5,4,8,196,2,9,139,1
2022-04-09,17:58:50,4,5,4,8,196,3,14,189,1
2022-06-17,11:52:34,6,4,5,3,197,2,9,139,1
2022-06-17,11:52:34,6,4,5,3,197,2,7,119,2
2022-06-17,11:52:34,6,4,5,3,197,1,1,59,1
2022-06-15,19:30:49,6,2,1,4,198,2,5,99,1
2022-06-15,19:30:49,6,2,1,4,198,3,13,179,1
2022-06-15,19:30:49,6,2,1,4,198,5,22,269,1
2022-09-27,12:06:00,9,1,4,4,199,3,10,149,1
2022-09-27,12:06:00,9,1,4,4,199,3,14,189,1
2022-10-28,00:24:47,10,4,3,9,200,2,6,109,1
2022-10-28,00:24:47,10,4,3,9,200,3,10,149,1
2022-10-28,00:24:47,10,4,3,9,200,3,12,169,1
2022-07-01,12:30:56,7,4,9,6,201,3,13,179,1
2022-02-28,17:36:19,2,0,8,4,202,1,1,59,1
2022-02-28,17:36:19,2,0,8,4,202,2,6,109,1
2022-10-08,13:36:27,10,5,7,0,203,1,0,49,1
2022-10-08,13:36:27,10,5,7,0,203,4,19,239,1
2022-10-08,13:36:27,10,5,7,0,203,3,10,149,1
2022-08-18,11:11:58,8,3,3,4,204,3,11,159,1
2022-03-30,15:46:27,3,2,5,7,205,3,13,179,1
2022-05-09,04:33:17,5,0,1,7,206,4,17,219,1
2022-05-09,04:33:17,5,0,1,7,206,1,1,59,1
2022-05-09,04:33:17,5,0,1,7,206,4,18,229,1
2022-01-16,18:17:44,1,6,4,4,207,3,12,169,1
2022-01-16,18:17:44,1,6,4,4,207,3,10,149,1
2022-04-02,19:45:23,4,5,3,6,208,2,9,139,1
2022-04-02,19:45:23,4,5,3,6,208,1,1,59,1
2022-07-02,06:58:50,7,5,1,8,209,3,12,169,1
2022-07-02,06:58:50,7,5,1,8,209,2,8,129,1
2022-06-16,11:30:23,6,3,6,1,210,2,7,119,1
2022-10-04,21:45:39,10,1,8,4,211,1,4,89,1
2022-10-04,21:45:39,10,1,8,4,211,2,9,139,1
2022-10-04,21:45:39,10,1,8,4,211,4,16,209,2
2022-11-07,21:30:10,11,0,5,4,212,4,18,229,1
2022-02-19,07:09:17,2,5,6,7,213,3,13,179,1
2022-02-19,07:09:17,2,5,6,7,213,4,19,239,1
2022-02-19,07:09:17,2,5,6,7,213,5,22,269,1
2022-03-17,16:04:54,3,3,9,6,214,1,3,79,2
2022-03-17,16:04:54,3,3,9,6,214,2,9,139,2
2022-10-12,23:54:21,10,2,10,2,215,2,7,119,1
2022-10-12,23:54:21,10,2,10,2,215,3,13,179,1
2022-09-10,05:51:09,9,5,2,4,216,1,3,79,1
2022-09-10,05:51:09,9,5,2,4,216,1,4,89,2
2022-09-21,20:53:41,9,2,6,5,217,4,17,219,1
2022-09-21,20:53:41,9,2,6,5,217,4,19,239,1
2022-09-21,20:53:41,9,2,6,5,217,4,17,219,1
2022-11-16,04:15:36,11,2,9,0,218,3,10,149,1
2022-11-16,04:15:36,11,2,9,0,218,3,11,159,1
2022-03-09,17:42:13,3,2,7,8,219,5,22,269,1
2022-03-09,17:42:13,3,2,7,8,219,4,15,199,1
2022-12-09,07:10:07,12,4,4,6,220,3,11,159,1
2022-12-09,07:10:07,12,4,4,6,220,1,4,89,1
2022-10-04,16:41:54,10,1,2,8,221,4,17,219,1
2022-10-04,16:41:54,10,1,2,8,221,1,0,49,1
2022-02-19,08:21:34,2,5,6,4,222,1,2,69,1
2022-02-19,08:21:34,2,5,6,4,222,2,7,119,2
2022-11-07,21:04:47,11,0,7,0,223,4,17,219,1
2022-11-07,21:04:47,11,0,7,0,223,5,22,269,1
2022-11-07,21:04:47,11,0,7,0,223,5,23,279,1
2022-11-20,06:00:22,11,6,2,1,224,5,21,259,2
2022-11-20,06:00:22,11,6,2,1,224,2,5,99,1
2022-06-07,03:58:42,6,1,3,6,225,5,24,289,1
2022-06-07,03:58:42,6,1,3,6,225,2,6,109,1
2022-11-03,13:43:08,11,3,1,0,226,3,10,149,1
2022-05-11,04:19:00,5,2,1,7,227,4,16,209,1
2022-08-05,06:05:40,8,4,9,2,228,3,13,179,2
2022-02-23,03:19:50,2,2,1,8,229,3,14,189,1
2022-02-23,03:19:50,2,2,1,8,229,1,1,59,2
2022-10-01,07:03:14,10,5,4,6,230,2,8,129,1
2022-12-13,07:28:56,12,1,6,0,231,5,21,259,1
2022-01-08,09:01:13,1,5,7,0,232,1,4,89,2
2022-01-08,09:01:13,1,5,7,0,232,5,24,289,1
2022-01-08,09:01:13,1,5,7,0,232,5,21,259,1
2022-02-16,09:59:47,2,2,1,6,233,3,11,159,1
2022-02-16,09:59:47,2,2,1,6,233,1,2,69,1
2022-02-16,09:59:47,2,2,1,6,233,5,23,279,2
2022-12-25,20:05:36,12,6,3,7,234,2,9,139,1
2022-12-25,20:05:36,12,6,3,7,234,1,2,69,1
2022-12-25,20:05:36,12,6,3,7,234,5,21,259,1
2022-11-06,15:19:58,11,6,5,3,235,3,10,149,1
2022-11-06,15:19:58,11,6,5,3,235,4,15,199,1
2022-11-06,15:19:58,11,6,5,3,235,3,10,149,1
2022-04-30,19:19:23,4,5,1,8,236,5,21,259,1
2022-04-30,19:19:23,4,5,1,8,236,1,0,49,1
2022-11-19,01:46:47,11,5,4,5,237,2,7,119,1
2022-11-19,01:46:47,11,5,4,5,237,4,19,239,1
2022-11-19,01:46:47,11,5,4,5,237,5,24,289,1
2022-08-21,07:53:14,8,6,2,0,238,5,21,259,1
2022-08-21,07:53:14,8,6,2,0,238,2,7,119,2
2022-08-21,07:53:14,8,6,2,0,238,4,16,209,1
2022-04-27,20:45:24,4,2,4,4,239,5,21,259,1
2022-04-27,20:45:24,4,2,4,4,239,1,3,79,1
2022-05-03,19:41:47,5,1,7,5,240,3,14,189,1
2022-05-03,19:41:47,5,1,7,5,240,5,21,259,1
2022-10-23,19:20:42,10,6,7,1,241,4,15,199,1
2022-10-23,19:20:42,10,6,7,1,241,5,23,279,1
2022-12-03,23:47:42,12,5,4,1,242,5,24,289,1
2022-12-03,23:47:42,12,5,4,1,242,4,15,199,1
2022-12-03,23:47:42,12,5,4,1,242,5,23,279,1
2022-04-09,07:26:23,4,5,2,9,243,3,11,159,1
2022-04-09,07:26:23,4,5,2,9,243,1,0,49,1
2022-05-08,23:11:34,5,6,3,4,244,1,1,59,1
2022-05-08,23:11:34,5,6,3,4,244,5,24,289,1
2022-05-08,23:11:34,5,6,3,4,244,2,5,99,1
2022-11-03,00:45:07,11,3,9,1,245,5,23,279,1
2022-10-18,01:54:47,10,1,6,3,246,5,22,269,1
2022-05-22,01:34:15,5,6,2,6,247,5,21,259,1
2022-05-22,01:34:15,5,6,2,6,247,4,16,209,1
2022-10-15,20:47:09,10,5,10,8,248,4,17,219,1
2022-12-31,22:43:58,12,5,8,5,249,3,14,189,1
2022-12-31,22:43:58,12,5,8,5,249,4,18,229,2
2022-12-31,22:43:58,12,5,8,5,249,3,13,179,1
2022-05-01,22:42:26,5,6,5,8,250,1,0,49,1
2022-05-01,22:42:26,5,6,5,8,250,5,24,289,1
2022-04-04,23:50:17,4,0,10,4,251,1,4,89,1
2022-04-04,23:50:17,4,0,10,4,251,5,24,289,2
2022-01-23,08:34:23,1,6,3,3,252,4,16,209,1
2022-11-30,23:03:16,11,2,2,0,253,1,4,89,1
2022-11-30,23:03:16,11,2,2,0,253,3,10,149,1
2022-11-30,23:03:16,11,2,2,0,253,2,8,129,1
2022-10-16,04:05:23,10,6,8,5,254,3,14,189,1
2022-10-16,04:05:23,10,6,8,5,254,2,8,129,1
2022-10-29,22:50:54,10,5,1,0,255,5,24,289,1
2022-10-29,22:50:54,10,5,1,0,255,2,9,139,1
2022-08-20,20:34:02,8,5,10,4,256,5,23,279,1
2022-08-20,20:34:02,8,5,10,4,256,4,19,239,1
2022-08-24,17:42:58,8,2,7,5,257,4,18,229,2
2022-08-24,17:42:58,8,2,7,5,257,5,24,289,1
2022-08-24,17:42:58,8,2,7,5,257,3,13,179,1
2022-11-27,19:37:19,11,6,4,4,258,3,12,169,1
2022-11-27,19:37:19,11,6,4,4,258,2,8,129,1
2022-04-20,11:43:10,4,2,1,5,259,3,11,159,1
2022-04-20,11:43:10,4,2,1,5,259,4,18,229,1
2022-04-20,11:43:10,4,2,1,5,259,3,11,159,1
2022-03-24,13:00:33,3,3,7,8,260,1,0,49,1
2022-09-29,08:39:41,9,3,7,3,261,1,2,69,2
2022-03-17,01:15:32,3,3,6,9,262,5,21,259,1
2022-03-17,01:15:32,3,3,6,9,262,3,12,169,1
2022-03-07,19:19:41,3,0,10,3,263,3,13,179,1
2022-03-07,19:19:41,3,0,10,3,263,5,23,279,1
2022-11-14,08:49:25,11,0,5,9,264,3,13,179,2
2022-11-14,08:49:25,11,0,5,9,264,1,2,69,1
2022-11-14,08:49:25,11,0,5,9,264,1,3,79,1
2022-07-05,07:44:30,7,1,5,4,265,5,23,279,2
2022-07-05,07:44:30,7,1,5,4,265,3,12,169,1
2022-08-19,04:36:23,8,4,4,7,266,5,23,279,1
2022-08-19,04:36:23,8,4,4,7,266,1,2,69,1
2022-06-16,02:30:47,6,3,4,7,267,3,13,179,1
2022-06-16,02:30:47,6,3,4,7,267,1,1,59,2
2022-01-25,06:28:31,1,1,1,6,268,1,2,69,2
2022-01-25,06:28:31,1,1,1,6,268,5,23,279,1
2022-01-25,06:28:31,1,1,1,6,268,1,1,59,1
2022-11-18,05:46:45,11,4,5,9,269,5,24,289,1
2022-11-18,05:46:45,11,4,5,9,269,5,21,259,1
2022-11-18,05:46:45,11,4,5,9,269,5,20,249,2
2022-07-06,00:09:54,7,2,3,3,270,1,2,69,1
2022-07-06,00:09:54,7,2,3,3,270,4,16,209,1
2022-07-06,00:09:54,7,2,3,3,270,2,8,129,1
2022-12-08,01:04:17,12,3,9,3,271,2,5,99,1
2022-09-26,04:26:21,9,0,10,9,272,4,17,219,1
2022-12-27,04:57:05,12,1,1,3,273,4,16,209,1
2022-12-27,04:57:05,12,1,1,3,273,2,5,99,1
2022-12-27,04:57:05,12,1,1,3,273,4,16,209,2
2022-04-04,02:47:25,4,0,1,7,274,2,5,99,1
2022-04-04,02:47:25,4,0,1,7,274,4,15,199,1
2022-04-04,02:47:25,4,0,1,7,274,3,13,179,1
2022-11-22,15:32:30,11,1,10,2,275,4,16,209,1
2022-03-27,20:00:30,3,6,4,1,276,5,23,279,1
2022-03-12,01:25:11,3,5,6,8,277,2,9,139,1
2022-03-12,01:25:11,3,5,6,8,277,5,21,259,1
2022-03-12,01:25:11,3,5,6,8,277,1,2,69,1
2022-05-12,17:26:41,5,3,1,7,278,5,22,269,1
2022-05-12,17:26:41,5,3,1,7,278,1,3,79,1
2022-05-12,17:26:41,5,3,1,7,278,1,2,69,2
2022-06-04,17:48:34,6,5,2,2,279,2,7,119,2
2022-06-04,17:48:34,6,5,2,2,279,3,14,189,1
2022-06-04,17:48:34,6,5,2,2,279,4,17,219,1
2022-03-13,14:54:58,3,6,6,3,280,4,16,209,1
2022-12-01,19:00:56,12,3,2,8,281,2,6,109,1
2022-12-01,19:00:56,12,3,2,8,281,5,20,249,1
2022-01-10,17:46:01,1,0,3,3,282,1,1,59,1
2022-01-10,17:46:01,1,0,3,3,282,3,14,189,1
2022-01-10,17:46:01,1,0,3,3,282,4,15,199,1
2022-06-12,10:49:12,6,6,8,5,283,5,21,259,1
2022-06-12,10:49:12,6,6,8,5,283,4,15,199,1
2022-06-12,10:49:12,6,6,8,5,283,5,21,259,1
2022-03-12,06:17:15,3,5,6,8,284,1,2,69,2
2022-03-12,06:17:15,3,5,6,8,284,5,23,279,1
2022-03-12,06:17:15,3,5,6,8,284,2,7,119,1
2022-11-30,01:35:39,11,2,9,2,285,4,15,199,1
2022-11-30,01:35:39,11,2,9,2,285,5,21,259,1
2022-11-01,05:26:41,11,1,6,3,286,3,14,189,1
2022-09-10,06:03:38,9,5,9,2,287,5,24,289,1
2022-09-10,06:03:38,9,5,9,2,287,2,9,139,1
2022-09-10,06:03:38,9,5,9,2,287,3,11,159,1
2022-06-02,22:02:39,6,3,6,4,288,5,22,269,1
2022-06-02,22:02:39,6,3,6,4,288,3,13,179,2
2022-04-27,17:05:19,4,2,8,7,289,2,5,99,1
2022-04-27,17:05:19,4,2,8,7,289,1,4,89,1
2022-11-18,12:37:55,11,4,10,0,290,3,14,189,1
2022-06-22,22:34:15,6,2,8,2,291,1,0,49,1
2022-06-22,22:34:15,6,2,8,2,291,2,9,139,1
2022-09-16,20:36:36,9,4,1,1,292,1,3,79,1
2022-09-16,20:36:36,9,4,1,1,292,3,12,169,1
2022-09-16,20:36:36,9,4,1,1,292,5,23,279,1
2022-06-27,06:03:19,6,0,10,0,293,3,12,169,1
2022-04-09,22:02:47,4,5,6,1,294,3,13,179,1
2022-04-09,22:02:47,4,5,6,1,294,5,20,249,1
2022-02-15,18:25:25,2,1,1,9,295,1,1,59,1
2022-05-03,17:58:06,5,1,2,2,296,5,20,249,1
2022-05-03,17:58:06,5,1,2,2,296,5,22,269,1
2022-02-18,08:42:05,2,4,10,1,297,1,0,49,1
2022-02-18,08:42:05,2,4,10,1,297,3,11,159,2
2022-02-18,08:42:05,2,4,10,1,297,3,13,179,1
2022-03-08,19:56:05,3,1,2,5,298,5,21,259,1
2022-03-08,19:56:05,3,1,2,5,298,3,14,189,1
2022-03-08,19:56:05,3,1,2,5,298,2,8,129,1
2022-12-24,05:45:18,12,5,7,6,299,1,3,79,1
2022-04-08,22:11:25,4,4,1,9,300,2,7,119,1
2022-09-03,12:07:09,9,5,1,3,301,4,19,239,1
2022-10-21,01:33:47,10,4,7,1,302,3,10,149,1
2022-10-21,01:33:47,10,4,7,1,302,5,20,249,1
2022-10-21,01:33:47,10,4,7,1,302,1,2,69,1
2022-08-03,23:02:17,8,2,4,9,303,1,3,79,1
2022-08-03,23:02:17,8,2,4,9,303,2,9,139,1
2022-01-08,03:27:10,1,5,10,7,304,4,18,229,1
2022-01-08,03:27:10,1,5,10,7,304,5,23,279,1
2022-01-08,03:27:10,1,5,10,7,304,1,0,49,1
2022-05-21,13:40:58,5,5,4,3,305,5,21,259,1
2022-05-21,13:40:58,5,5,4,3,305,1,3,79,1
2022-01-18,08:27:59,1,1,5,9,306,2,8,129,1
2022-01-18,08:27:59,1,1,5,9,306,2,5,99,2
2022-01-18,08:27:59,1,1,5,9,306,1,1,59,1
2022-04-05,23:04:54,4,1,1,0,307,2,8,129,1
2022-04-05,23:04:54,4,1,1,0,307,4,18,229,1
2022-10-08,01:55:14,10,5,6,1,308,4,19,239,1
2022-10-08,01:55:14,10,5,6,1,308,5,20,249,1
2022-10-08,01:55:14,10,5,6,1,308,2,8,129,1
2022-07-23,09:09:14,7,5,8,4,309,5,21,259,2
2022-07-23,09:09:14,7,5,8,4,309,5,23,279,1
2022-07-23,09:09:14,7,5,8,4,309,2,9,139,1
2022-03-21,07:33:17,3,0,4,0,310,3,12,169,2
2022-03-21,07:33:17,3,0,4,0,310,4,16,209,2
2022-03-21,07:33:17,3,0,4,0,310,4,15,199,1
2022-07-24,20:14:19,7,6,3,7,311,2,6,109,1
2022-07-24,20:14:19,7,6,3,7,311,1,2,69,1
2022-07-24,20:14:19,7,6,3,7,311,2,6,109,1
2022-02-16,21:41:39,2,2,7,3,312,2,9,139,1
2022-02-16,21:41:39,2,2,7,3,312,5,24,289,1
2022-02-16,21:41:39,2,2,7,3,312,1,4,89,1
2022-10-14,22:29:30,10,4,9,1,313,1,2,69,1
2022-10-14,22:29:30,10,4,9,1,313,2,8,129,1
2022-10-14,22:29:30,10,4,9,1,313,3,11,159,1
2022-09-30,12:22:42,9,4,5,9,314,4,19,239,1
2022-09-30,12:22:42,9,4,5,9,314,3,13,179,1
2022-09-30,12:22:42,9,4,5,9,314,5,22,269,1
2022-03-27,21:43:50,3,6,2,3,315,4,17,219,1
2022-03-14,04:14:32,3,0,8,5,316,1,2,69,1
2022-10-07,09:19:38,10,4,3,7,317,3,13,179,2
2022-10-07,09:19:38,10,4,3,7,317,2,8,129,1
2022-10-07,09:19:38,10,4,3,7,317,5,23,279,2
2022-01-25,12:15:21,1,1,4,9,318,3,11,159,1
2022-01-25,12:15:21,1,1,4,9,318,2,9,139,2
2022-01-25,12:15:21,1,1,4,9,318,1,4,89,2
2022-07-22,08:20:36,7,4,4,7,319,5,22,269,1
2022-08-13,08:07:54,8,5,9,3,320,4,17,219,1
2022-08-13,08:07:54,8,5,9,3,320,3,11,159,1
2022-08-13,08:07:54,8,5,9,3,320,3,12,169,1
2022-12-24,01:16:56,12,5,3,4,321,1,3,79,1
2022-04-24,10:56:56,4,6,2,7,322,1,4,89,1
2022-04-24,10:56:56,4,6,2,7,322,2,6,109,1
2022-04-24,10:56:56,4,6,2,7,322,1,1,59,2
2022-03-19,12:26:27,3,5,3,0,323,1,3,79,1
2022-03-19,12:26:27,3,5,3,0,323,1,4,89,1
2022-10-22,14:18:12,10,5,4,7,324,2,6,109,1
2022-10-22,14:18:12,10,5,4,7,324,5,22,269,1
2022-11-28,10:36:50,11,0,5,1,325,2,8,129,1
2022-11-28,10:36:50,11,0,5,1,325,2,9,139,1
2022-11-28,10:36:50,11,0,5,1,325,3,11,159,1
2022-10-01,04:14:55,10,5,9,5,326,3,12,169,1
2022-10-01,04:14:55,10,5,9,5,326,3,10,149,1
2022-10-01,04:14:55,10,5,9,5,326,1,2,69,1
2022-09-20,08:48:50,9,1,2,2,327,2,6,109,1
2022-09-20,08:48:50,9,1,2,2,327,1,4,89,1
2022-12-29,16:43:43,12,3,10,4,328,1,0,49,1
2022-12-29,16:43:43,12,3,10,4,328,4,15,199,1
2022-12-29,16:43:43,12,3,10,4,328,3,13,179,1
2022-07-07,09:26:35,7,3,6,2,329,5,22,269,1
2022-07-07,09:26:35,7,3,6,2,329,3,10,149,1
2022-07-07,09:26:35,7,3,6,2,329,1,0,49,1
2022-09-09,08:54:40,9,4,10,6,330,3,13,179,1
2022-09-09,08:54:40,9,4,10,6,330,2,5,99,2
2022-09-09,08:54:40,9,4,10,6,330,3,12,169,1
2022-02-25,05:42:31,2,4,7,5,331,4,18,229,1
2022-02-25,05:42:31,2,4,7,5,331,4,16,209,1
2022-02-25,05:42:31,2,4,7,5,331,1,0,49,1
2022-02-25,06:09:35,2,4,8,4,332,2,8,129,1
2022-02-25,06:09:35,2,4,8,4,332,2,5,99,1
2022-02-25,06:09:35,2,4,8,4,332,2,7,119,1
2022-02-02,12:03:23,2,2,9,4,333,4,19,239,1
2022-07-03,11:40:42,7,6,6,4,334,5,24,289,1
2022-07-03,11:40:42,7,6,6,4,334,4,16,209,1
2022-07-03,11:40:42,7,6,6,4,334,3,12,169,2
2022-01-24,18:09:01,1,0,10,6,335,3,14,189,1
2022-01-24,18:09:01,1,0,10,6,335,5,21,259,1
2022-01-24,18:09:01,1,0,10,6,335,1,4,89,1
2022-12-28,19:03:18,12,2,5,3,336,5,23,279,1
2022-12-28,19:03:18,12,2,5,3,336,2,6,109,2
2022-08-05,06:28:48,8,4,2,3,337,5,23,279,1
2022-08-05,06:28:48,8,4,2,3,337,5,20,249,1
2022-02-08,20:33:29,2,1,6,7,338,1,0,49,1
2022-06-13,11:05:21,6,0,4,7,339,2,7,119,2
2022-07-17,21:43:35,7,6,1,9,340,5,21,259,1
2022-07-17,21:43:35,7,6,1,9,340,4,18,229,1
2022-07-17,21:43:35,7,6,1,9,340,1,4,89,1
2022-08-24,13:31:12,8,2,9,2,341,4,15,199,1
2022-08-24,13:31:12,8,2,9,2,341,4,19,239,1
2022-08-24,13:31:12,8,2,9,2,341,1,1,59,1
2022-06-21,20:19:58,6,1,7,8,342,1,4,89,1
2022-06-21,20:19:58,6,1,7,8,342,4,19,239,2
2022-05-06,18:31:02,5,4,5,4,343,1,4,89,1
2022-05-06,18:31:02,5,4,5,4,343,3,13,179,1
2022-12-17,05:40:52,12,5,2,3,344,2,7,119,1
2022-11-26,10:29:35,11,5,8,2,345,1,1,59,1
2022-11-26,10:29:35,11,5,8,2,345,1,4,89,1
2022-10-27,10:06:51,10,3,2,2,346,1,1,59,1
2022-10-27,10:06:51,10,3,2,2,346,3,13,179,1
2022-11-30,05:49:21,11,2,6,3,347,2,7,119,1
2022-11-30,05:49:21,11,2,6,3,347,1,1,59,1
2022-11-30,05:49:21,11,2,6,3,347,4,18,229,1
2022-06-01,02:34:07,6,2,9,7,348,1,0,49,1
2022-10-23,18:08:45,10,6,7,4,349,5,21,259,1
2022-10-23,18:08:45,10,6,7,4,349,5,24,289,2
2022-10-23,18:08:45,10,6,7,4,349,5,21,259,1
2022-06-25,08:46:58,6,5,8,0,350,4,18,229,1
2022-12-22,12:58:29,12,3,7,7,351,3,10,149,1
2022-12-22,12:58:29,12,3,7,7,351,1,1,59,1
2022-08-03,04:52:05,8,2,3,6,352,5,22,269,1
2022-08-03,04:52:05,8,2,3,6,352,4,16,209,1
2022-12-24,06:32:27,12,5,9,5,353,4,17,219,2
2022-12-24,06:32:27,12,5,9,5,353,1,3,79,1
2022-05-28,07:05:42,5,5,9,4,354,3,11,159,1
2022-11-13,20:16:14,11,6,8,4,355,5,24,289,1
2022-11-13,20:16:14,11,6,8,4,355,4,16,209,2
2022-11-13,20:16:14,11,6,8,4,355,5,22,269,1
2022-12-16,22:37:45,12,4,8,6,356,3,10,149,1
2022-12-16,22:37:45,12,4,8,6,356,5,20,249,2
2022-12-16,22:37:45,12,4,8,6,356,4,18,229,1
2022-05-27,20:59:44,5,4,7,1,357,5,23,279,1
2022-05-27,20:59:44,5,4,7,1,357,2,5,99,1
2022-05-27,20:59:44,5,4,7,1,357,4,18,229,1
2022-11-27,17:05:12,11,6,5,4,358,2,9,139,1
2022-11-27,17:05:12,11,6,5,4,358,1,3,79,1
2022-11-27,17:05:12,11,6,5,4,358,1,4,89,1
2022-12-12,22:22:09,12,0,8,0,359,4,15,199,1
2022-12-12,22:22:09,12,0,8,0,359,4,17,219,1
2022-12-24,23:24:18,12,5,8,0,360,5,24,289,2
2022-12-24,23:24:18,12,5,8,0,360,1,1,59,1
2022-12-24,23:24:18,12,5,8,0,360,1,4,89,1
2022-07-27,09:20:19,7,2,10,4,361,4,17,219,1
2022-07-27,09:20:19,7,2,10,4,361,4,19,239,1
2022-07-27,09:20:19,7,2,10,4,361,1,4,89,1
2022-11-10,12:27:10,11,3,10,1,362,1,2,69,1
2022-11-10,12:27:10,11,3,10,1,362,5,21,259,1
2022-11-10,12:27:10,11,3,10,1,362,4,19,239,1
2022-03-26,16:22:46,3,5,2,3,363,5,22,269,1
2022-03-26,16:22:46,3,5,2,3,363,5,21,259,1
2022-03-26,16:22:46,3,5,2,3,363,3,11,159,1
2022-12-19,13:53:55,12,0,9,0,364,2,9,139,1
2022-12-19,13:53:55,12,0,9,0,364,5,23,279,1
2022-08-13,19:03:45,8,5,3,0,365,1,1,59,1
2022-02-14,13:37:23,2,0,8,6,366,4,17,219,1
2022-08-11,07:40:55,8,3,4,3,367,3,13,179,1
2022-02-12,08:26:18,2,5,3,1,368,5,20,249,1
2022-02-12,08:26:18,2,5,3,1,368,4,18,229,1
2022-09-10,08:51:41,9,5,10,5,369,4,16,209,1
2022-09-10,08:51:41,9,5,10,5,369,3,14,189,1
2022-09-10,08:51:41,9,5,10,5,369,2,7,119,1
2022-09-27,06:57:18,9,1,1,6,370,5,23,279,2
2022-09-27,06:57:18,9,1,1,6,370,3,13,179,1
2022-12-28,09:14:56,12,2,5,8,371,1,2,69,1
2022-12-28,09:14:56,12,2,5,8,371,5,24,289,1
2022-12-28,09:14:56,12,2,5,8,371,1,1,59,1
2022-10-15,12:28:24,10,5,8,9,372,4,17,219,1
2022-10-15,12:28:24,10,5,8,9,372,1,0,49,1
2022-02-26,17:37:25,2,5,8,6,373,4,16,209,1
2022-04-05,18:49:52,4,1,9,0,374,4,19,239,1
2022-04-05,18:49:52,4,1,9,0,374,3,11,159,1
2022-04-05,18:49:52,4,1,9,0,374,1,2,69,2
2022-12-07,22:35:39,12,2,3,9,375,3,13,179,1
2022-12-07,22:35:39,12,2,3,9,375,2,5,99,1
2022-07-15,23:08:28,7,4,4,2,376,4,17,219,1
2022-07-15,23:08:28,7,4,4,2,376,4,18,229,1
2022-07-15,23:08:28,7,4,4,2,376,4,17,219,1
2022-01-15,23:43:26,1,5,8,7,377,3,13,179,1
2022-01-15,23:43:26,1,5,8,7,377,4,19,239,1
2022-01-05,11:35:32,1,2,5,3,378,4,15,199,1
2022-01-05,11:35:32,1,2,5,3,378,1,0,49,2
2022-01-04,18:29:31,1,1,9,2,379,2,7,119,1
2022-01-04,18:29:31,1,1,9,2,379,3,12,169,1
2022-01-04,18:29:31,1,1,9,2,379,4,16,209,1
2022-12-29,10:04:38,12,3,4,9,380,1,2,69,1
2022-12-29,10:04:38,12,3,4,9,380,3,11,159,1
2022-03-26,10:29:46,3,5,8,7,381,3,13,179,1
2022-03-26,10:29:46,3,5,8,7,381,1,4,89,1
2022-04-11,20:52:53,4,0,8,6,382,2,8,129,1
2022-04-11,20:52:53,4,0,8,6,382,5,23,279,1
2022-07-26,21:46:23,7,1,8,5,383,1,1,59,1
2022-07-26,21:46:23,7,1,8,5,383,4,15,199,1
2022-07-26,21:46:23,7,1,8,5,383,2,6,109,1
2022-03-04,05:34:04,3,4,2,7,384,3,11,159,1
2022-03-04,05:34:04,3,4,2,7,384,2,5,99,1
2022-03-04,05:34:04,3,4,2,7,384,5,24,289,1
2022-08-16,02:16:24,8,1,5,8,385,2,7,119,1
2022-08-16,02:16:24,8,1,5,8,385,2,5,99,1
2022-08-16,02:16:24,8,1,5,8,385,3,10,149,1
2022-01-13,00:41:39,1,3,7,3,386,5,21,259,1
2022-01-13,00:41:39,1,3,7,3,386,5,20,249,1
2022-10-06,19:52:56,10,3,8,9,387,1,3,79,1
2022-10-06,19:52:56,10,3,8,9,387,2,8,129,1
2022-10-06,19:52:56,10,3,8,9,387,5,23,279,2
2022-03-07,14:31:11,3,0,1,3,388,4,16,209,1
2022-03-07,14:31:11,3,0,1,3,388,3,12,169,1
2022-03-07,14:31:11,3,0,1,3,388,3,14,189,1
2022-03-24,13:51:19,3,3,7,9,389,4,16,209,2
2022-03-24,13:51:19,3,3,7,9,389,4,19,239,1
2022-03-24,13:51:19,3,3,7,9,389,3,13,179,1
2022-04-22,19:58:12,4,4,10,1,390,4,16,209,1
2022-04-22,19:58:12,4,4,10,1,390,1,4,89,1
2022-04-11,19:02:48,4,0,8,1,391,2,7,119,1
2022-04-11,19:02:48,4,0,8,1,391,3,10,149,1
2022-04-11,19:02:48,4,0,8,1,391,3,13,179,1
2022-04-24,23:20:40,4,6,6,9,392,3,10,149,2
2022-02-23,18:55:14,2,2,3,9,393,2,9,139,1
2022-02-23,18:55:14,2,2,3,9,393,4,17,219,2
2022-08-30,15:18:58,8,1,3,5,394,1,4,89,1
2022-08-30,15:18:58,8,1,3,5,394,2,9,139,1
2022-08-30,15:18:58,8,1,3,5,394,5,24,289,1
2022-01-18,14:59:19,1,1,2,5,395,5,23,279,1
2022-01-18,14:59:19,1,1,2,5,395,3,12,169,2
2022-04-22,01:31:58,4,4,2,2,396,2,9,139,1
2022-02-06,09:16:31,2,6,3,1,397,3,12,169,1
2022-02-06,09:16:31,2,6,3,1,397,5,23,279,1
2022-07-15,15:43:02,7,4,9,5,398,2,9,139,1
2022-07-15,15:43:02,7,4,9,5,398,2,8,129,1
2022-12-26,04:13:19,12,0,4,9,399,5,22,269,1
2022-12-26,04:13:19,12,0,4,9,399,1,1,59,1
2022-12-26,04:13:19,12,0,4,9,399,4,16,209,1
2022-12-26,11:03:12,12,0,6,6,400,2,7,119,1
2022-12-26,11:03:12,12,0,6,6,400,1,1,59,1
2022-12-26,11:03:12,12,0,6,6,400,1,0,49,1
2022-08-01,15:20:33,8,0,5,3,401,1,1,59,1
2022-09-24,07:24:10,9,5,9,4,402,5,23,279,1
2022-09-24,07:24:10,9,5,9,4,402,1,0,49,1
2022-06-17,00:15:16,6,4,1,6,403,3,10,149,1
2022-07-30,04:16:30,7,5,7,2,404,1,4,89,1
2022-12-22,07:55:02,12,3,8,1,405,5,24,289,1
2022-12-22,07:55:02,12,3,8,1,405,5,22,269,1
2022-12-22,07:55:02,12,3,8,1,405,1,2,69,1
2022-08-16,06:21:18,8,1,9,2,406,3,12,169,1
2022-08-16,06:21:18,8,1,9,2,406,2,5,99,1
2022-08-04,08:49:28,8,3,9,7,407,5,21,259,1
2022-08-04,08:49:28,8,3,9,7,407,4,17,219,1
2022-08-04,08:49:28,8,3,9,7,407,1,0,49,1
2022-09-08,05:59:22,9,3,5,8,408,5,24,289,1
2022-09-08,05:59:22,9,3,5,8,408,4,19,239,1
2022-09-08,05:59:22,9,3,5,8,408,2,5,99,1
2022-08-11,18:59:20,8,3,1,8,409,5,24,289,1
2022-12-19,19:22:42,12,0,6,3,410,1,2,69,1
2022-08-29,22:00:08,8,0,9,1,411,1,1,59,1
2022-11-07,01:07:02,11,0,3,5,412,5,24,289,1
2022-11-07,01:07:02,11,0,3,5,412,5,23,279,1
2022-11-07,01:07:02,11,0,3,5,412,4,17,219,1
2022-10-28,15:16:27,10,4,5,0,413,3,10,149,1
2022-08-15,19:04:28,8,0,5,3,414,3,11,159,1
2022-07-06,10:54:24,7,2,4,0,415,1,3,79,1
2022-07-06,10:54:24,7,2,4,0,415,2,9,139,1
2022-05-30,22:51:51,5,0,8,3,416,4,17,219,1
2022-05-30,22:51:51,5,0,8,3,416,4,15,199,1
2022-05-30,22:51:51,5,0,8,3,416,1,0,49,1
2022-01-19,09:03:24,1,2,4,9,417,2,7,119,1
2022-04-15,22:45:54,4,4,4,4,418,3,13,179,1
2022-04-15,22:45:54,4,4,4,4,418,2,7,119,1
2022-03-11,08:16:30,3,4,7,7,419,4,15,199,1
2022-07-14,17:36:21,7,3,5,2,420,1,3,79,1
2022-07-30,16:07:35,7,5,7,4,421,4,17,219,1
2022-07-30,16:07:35,7,5,7,4,421,1,1,59,1
2022-07-30,16:07:35,7,5,7,4,421,2,7,119,1
2022-07-27,01:16:04,7,2,4,1,422,4,17,219,2
2022-07-27,01:16:04,7,2,4,1,422,1,4,89,1
2022-07-27,01:16:04,7,2,4,1,422,4,19,239,1
2022-01-05,01:34:47,1,2,3,2,423,1,2,69,1
2022-01-05,01:34:47,1,2,3,2,423,3,14,189,1
2022-01-05,01:34:47,1,2,3,2,423,2,5,99,1
2022-02-08,22:51:39,2,1,4,7,424,5,22,269,1
2022-02-08,22:51:39,2,1,4,7,424,1,0,49,1
2022-11-14,14:09:37,11,0,9,9,425,4,19,239,1
2022-03-08,03:28:52,3,1,3,1,426,5,22,269,1
2022-03-08,03:28:52,3,1,3,1,426,3,13,179,1
2022-03-08,03:28:52,3,1,3,1,426,4,18,229,2
2022-07-03,03:11:08,7,6,7,5,427,2,8,129,1
2022-07-03,03:11:08,7,6,7,5,427,4,19,239,1
2022-07-03,03:11:08,7,6,7,5,427,5,23,279,1
2022-05-16,06:36:14,5,0,6,9,428,1,4,89,2
2022-05-16,06:36:14,5,0,6,9,428,5,21,259,1
2022-05-22,00:15:53,5,6,8,2,429,1,4,89,1
2022-05-22,00:15:53,5,6,8,2,429,3,13,179,1
2022-05-22,00:15:53,5,6,8,2,429,4,18,229,1
2022-12-15,00:07:47,12,3,7,3,430,2,5,99,1
2022-12-15,00:07:47,12,3,7,3,430,2,7,119,1
2022-12-15,00:07:47,12,3,7,3,430,5,24,289,1
2022-05-29,18:54:43,5,6,6,8,431,3,14,189,1
2022-05-29,18:54:43,5,6,6,8,431,3,12,169,1
2022-05-29,18:54:43,5,6,6,8,431,1,4,89,1
2022-04-15,05:27:00,4,4,2,6,432,2,5,99,1
2022-04-15,05:27:00,4,4,2,6,432,2,7,119,1
2022-04-15,05:27:00,4,4,2,6,432,4,18,229,1
2022-12-07,10:10:48,12,2,9,6,433,5,21,259,2
2022-12-18,10:03:43,12,6,5,5,434,3,12,169,1
2022-03-21,13:03:15,3,0,4,2,435,4,17,219,1
2022-02-10,08:40:27,2,3,7,4,436,1,3,79,1
2022-02-10,08:40:27,2,3,7,4,436,1,4,89,1
2022-03-25,23:19:16,3,4,7,2,437,4,15,199,1
2022-04-03,12:39:10,4,6,7,8,438,5,24,289,1
2022-04-03,12:39:10,4,6,7,8,438,1,4,89,1
2022-04-03,12:39:10,4,6,7,8,438,1,0,49,1
2022-05-29,16:14:52,5,6,6,1,439,1,3,79,1
2022-05-29,16:14:52,5,6,6,1,439,5,21,259,1
2022-07-23,01:11:15,7,5,5,1,440,2,8,129,1
2022-07-23,01:11:15,7,5,5,1,440,3,14,189,1
2022-07-23,01:11:15,7,5,5,1,440,3,11,159,2
2022-08-25,14:57:36,8,3,9,0,441,1,2,69,1
2022-08-25,14:57:36,8,3,9,0,441,1,1,59,1
2022-08-25,14:57:36,8,3,9,0,441,4,18,229,1
2022-08-05,09:30:50,8,4,8,8,442,4,19,239,1
2022-08-05,09:30:50,8,4,8,8,442,3,10,149,1
2022-08-05,09:30:50,8,4,8,8,442,3,14,189,1
2022-05-12,19:04:18,5,3,1,9,443,4,17,219,1
2022-05-12,19:04:18,5,3,1,9,443,1,4,89,1
2022-05-12,19:04:18,5,3,1,9,443,2,8,129,1
2022-01-22,18:07:14,1,5,7,4,444,2,5,99,2
2022-11-16,17:39:35,11,2,9,1,445,2,8,129,1
2022-11-16,17:39:35,11,2,9,1,445,5,22,269,1
2022-11-16,17:39:35,11,2,9,1,445,4,15,199,1
2022-05-11,10:34:35,5,2,6,9,446,1,0,49,1
2022-08-19,02:04:18,8,4,10,4,447,2,9,139,1
2022-08-19,02:04:18,8,4,10,4,447,1,2,69,1
2022-08-11,11:26:51,8,3,4,3,448,4,16,209,1
2022-08-11,11:26:51,8,3,4,3,448,3,11,159,1
2022-06-24,04:37:01,6,4,8,7,449,2,8,129,1
2022-05-20,04:12:23,5,4,3,5,450,3,13,179,1
2022-05-20,04:12:23,5,4,3,5,450,4,15,199,2
2022-02-07,10:53:13,2,0,9,2,451,5,22,269,2
2022-12-01,01:36:11,12,3,3,7,452,3,14,189,1
2022-12-01,01:36:11,12,3,3,7,452,1,3,79,1
2022-12-12,22:39:54,12,0,7,4,453,5,24,289,1
2022-12-12,22:39:54,12,0,7,4,453,4,16,209,1
2022-12-12,22:39:54,12,0,7,4,453,3,10,149,1
2022-06-27,10:15:35,6,0,10,6,454,5,24,289,1
2022-06-27,10:15:35,6,0,10,6,454,4,16,209,1
2022-06-22,05:27:11,6,2,6,3,455,4,15,199,1
2022-06-22,05:27:11,6,2,6,3,455,1,3,79,1
2022-11-23,11:37:58,11,2,10,7,456,2,5,99,1
2022-09-11,07:43:40,9,6,4,8,457,5,22,269,1
2022-09-11,07:43:40,9,6,4,8,457,3,14,189,1
2022-12-12,02:49:36,12,0,7,3,458,3,13,179,1
2022-12-12,02:49:36,12,0,7,3,458,3,11,159,1
2022-03-12,07:32:33,3,5,8,6,459,1,2,69,1
2022-03-12,07:32:33,3,5,8,6,459,4,17,219,1
2022-03-12,07:32:33,3,5,8,6,459,4,18,229,1
2022-03-05,14:38:26,3,5,9,9,460,2,6,109,1
2022-03-05,14:38:26,3,5,9,9,460,1,0,49,2
2022-05-06,10:12:54,5,4,10,0,461,2,5,99,1
2022-05-06,10:12:54,5,4,10,0,461,4,18,229,1
2022-05-06,10:12:54,5,4,10,0,461,3,12,169,1
2022-05-22,07:27:11,5,6,8,8,462,1,4,89,1
2022-05-22,07:27:11,5,6,8,8,462,5,22,269,2
2022-10-20,03:20:55,10,3,3,5,463,3,12,169,1
2022-04-13,21:18:10,4,2,6,9,464,5,21,259,1
2022-04-13,21:18:10,4,2,6,9,464,4,17,219,1
2022-04-13,21:18:10,4,2,6,9,464,3,11,159,1
2022-09-10,06:02:02,9,5,1,0,465,1,4,89,1
2022-09-10,06:02:02,9,5,1,0,465,5,22,269,1
2022-09-10,06:02:02,9,5,1,0,465,3,10,149,1
2022-01-21,00:50:56,1,4,3,7,466,5,24,289,1
2022-01-21,00:50:56,1,4,3,7,466,4,17,219,1
2022-06-05,02:23:49,6,6,4,8,467,3,11,159,1
2022-06-05,02:23:49,6,6,4,8,467,4,15,199,1
2022-01-07,18:03:43,1,4,1,3,468,1,0,49,1
2022-01-07,18:03:43,1,4,1,3,468,5,23,279,1
2022-02-03,05:57:05,2,3,5,4,469,5,21,259,1
2022-02-03,05:57:05,2,3,5,4,469,4,15,199,1
2022-12-12,05:54:10,12,0,5,0,470,4,16,209,1
2022-12-12,05:54:10,12,0,5,0,470,1,3,79,1
2022-12-12,05:54:10,12,0,5,0,470,1,4,89,1
2022-04-06,23:06:00,4,2,3,6,471,5,20,249,1
2022-04-06,23:06:00,4,2,3,6,471,2,6,109,1
2022-11-08,08:21:26,11,1,7,7,472,5,23,279,1
2022-11-08,08:21:26,11,1,7,7,472,2,9,139,1
2022-11-08,08:21:26,11,1,7,7,472,4,15,199,1
2022-01-19,20:37:28,1,2,4,9,473,2,5,99,1
2022-01-10,03:19:37,1,0,5,1,474,3,14,189,1
2022-01-10,03:19:37,1,0,5,1,474,2,8,129,1
2023-04-18,17:44:11,4,1,1,3,476,1,4,79,1
2023-04-18,17:44:11,4,1,1,3,476,4,17,209,1
2023-04-18,17:44:28,4,1,1,3,477,1,2,59,1
2023-04-18,17:44:28,4,1,1,3,477,1,3,69,1
2023-04-18,17:55:16,4,1,1,3,478,3,11,149,1
2023-05-02,18:05:46,5,1,1,3,479,1,1,49,1
2023-05-02,18:26:31,5,1,1,3,480,1,2,59,1
2023-05-02,18:26:31,5,1,1,3,480,1,3,69,1
2023-05-02,18:26:31,5,1,1,3,480,2,8,119,1
2023-05-02,18:49:14,5,1,1,3,481,1,1,49,1
2023-05-02,18:49:14,5,1,1,3,481,3,11,149,1
2023-05-02,18:49:14,5,1,1,3,481,3,12,159,1
2023-05-02,18:49:14,5,1,1,3,481,5,24,279,1
2023-05-02,19:19:48,5,1,1,3,482,1,1,49,1
2023-05-02,19:19:48,5,1,1,3,482,2,7,109,2
2023-05-02,19:19:48,5,1,1,3,482,2,8,119,1
2023-05-02,19:19:48,5,1,1,3,482,2,9,129,1
2023-05-02,19:19:48,5,1,1,3,482,4,17,209,1
2023-05-02,19:21:27,5,1,1,3,483,3,15,189,1
2023-05-02,20:06:16,5,1,1,3,484,1,1,49,1
2023-05-02,20:06:16,5,1,1,3,484,1,2,59,1
2023-05-02,22:29:15,5,1,1,3,485,1,1,49,1
2023-05-02,22:29:15,5,1,1,3,485,1,2,59,1
2023-05-15,19:06:52,5,0,1,4,490,1,4,79,5
2023-05-15,19:06:52,5,0,1,4,490,1,5,89,1
2023-05-15,19:06:52,5,0,1,4,490,2,7,109,1
2023-05-15,19:55:00,5,0,1,4,491,1,1,49,2
2023-05-15,19:55:00,5,0,1,4,491,1,2,59,1
2023-05-15,19:55:00,5,0,1,4,491,1,4,79,2
2023-05-15,19:55:00,5,0,1,4,491,2,7,109,1
2023-05-15,19:55:00,5,0,1,4,491,2,10,139,1
2023-05-15,19:55:00,5,0,1,4,491,3,12,159,1
2023-05-15,19:56:25,5,0,1,4,492,1,1,49,3
2023-05-15,19:56:25,5,0,1,4,492,1,2,59,3
2023-05-15,19:56:25,5,0,1,4,492,1,4,79,3
2023-05-15,19:58:06,5,0,1,4,493,1,2,59,2
2023-05-15,19:58:06,5,0,1,4,493,1,4,79,2
2023-05-15,19:58:06,5,0,1,4,493,1,5,89,1
2023-05-15,20:01:20,5,0,1,4,494,1,2,59,4
2023-05-15,20:01:20,5,0,1,4,494,2,7,109,3
2023-05-15,20:01:20,5,0,1,4,494,3,12,159,2
2023-05-15,22:54:41,5,0,1,4,495,1,1,49,5
2023-05-15,22:54:41,5,0,1,4,495,1,2,59,2
2023-05-15,22:54:41,5,0,1,4,495,1,4,79,2
2023-05-15,22:54:41,5,0,1,4,495,1,5,89,6
2023-05-15,22:54:41,5,0,1,4,495,2,6,99,6
2023-05-15,22:57:16,5,0,1,4,496,1,1,49,6
2023-05-15,22:57:16,5,0,1,4,496,1,2,59,4
2023-05-15,22:57:16,5,0,1,4,496,1,4,79,2
2023-05-15,22:57:16,5,0,1,4,496,2,7,109,1
2023-05-15,22:57:59,5,0,1,4,497,1,1,49,2
2023-05-15,23:00:53,5,0,1,4,498,1,1,49,2
2023-05-15,23:00:53,5,0,1,4,498,1,2,59,2
2023-05-15,23:00:53,5,0,1,4,498,1,4,79,3
2023-05-15,23:00:53,5,0,1,4,498,3,12,159,2
2023-05-15,23:02:38,5,0,1,4,499,1,1,49,4
2023-05-15,23:02:38,5,0,1,4,499,1,2,59,4
2023-05-15,23:02:38,5,0,1,4,499,1,4,79,3
2023-05-15,23:02:38,5,0,1,4,499,2,7,109,2
2023-05-15,23:10:02,5,0,1,4,500,1,2,59,4
2023-05-15,23:10:02,5,0,1,4,500,1,4,79,3
2023-05-15,23:10:02,5,0,1,4,500,1,5,89,1
2023-05-15,23:10:41,5,0,1,4,501,1,2,59,4
2023-05-15,23:10:41,5,0,1,4,501,1,4,79,1
2023-05-15,23:25:44,5,0,1,4,502,1,4,79,1
2023-05-15,23:25:44,5,0,1,4,502,2,7,109,1
2023-05-15,23:25:44,5,0,1,4,502,3,12,159,2
2023-05-16,13:55:46,5,1,1,4,503,1,1,49,1
2023-05-16,13:55:46,5,1,1,4,503,1,2,59,1
2023-05-16,13:55:46,5,1,1,4,503,1,4,79,1
2023-05-16,13:57:21,5,1,1,4,504,1,1,49,1
2023-05-16,13:57:21,5,1,1,4,504,1,2,59,1
2023-05-16,13:57:21,5,1,1,4,504,2,7,109,1
2023-05-16,13:58:46,5,1,1,4,505,1,1,49,2
2023-05-16,13:58:46,5,1,1,4,505,1,2,59,2
2023-05-16,13:58:46,5,1,1,4,505,1,5,89,2
2023-05-16,13:58:46,5,1,1,4,505,2,7,109,1
2023-05-16,13:58:46,5,1,1,4,505,3,12,159,1
2023-05-16,13:59:49,5,1,1,4,506,1,1,49,1
2023-05-16,13:59:49,5,1,1,4,506,1,2,59,1
2023-05-16,13:59:49,5,1,1,4,506,1,4,79,1
2023-05-16,13:59:49,5,1,1,4,506,2,7,109,1
2023-05-16,13:59:49,5,1,1,4,506,2,9,129,1
2023-05-16,13:59:49,5,1,1,4,506,3,11,149,1
2023-05-16,13:59:49,5,1,1,4,506,3,12,159,1
2023-05-16,14:01:13,5,1,1,4,507,1,1,49,4
2023-05-16,14:01:13,5,1,1,4,507,1,2,59,3
2023-05-16,14:01:13,5,1,1,4,507,1,4,79,1
2023-05-16,14:01:44,5,1,1,4,508,1,2,59,1
2023-05-16,14:01:44,5,1,1,4,508,1,4,79,1
2023-05-16,14:02:15,5,1,1,4,509,1,1,49,2
2023-05-16,14:02:15,5,1,1,4,509,1,2,59,1
2023-05-16,14:02:15,5,1,1,4,509,1,5,89,1
2023-05-16,14:05:00,5,1,1,4,510,1,5,89,1
2023-05-16,14:05:00,5,1,1,4,510,2,9,129,1
2023-05-16,14:06:44,5,1,1,4,511,1,1,49,1
2023-05-16,14:06:44,5,1,1,4,511,1,2,59,1
2023-05-16,14:06:44,5,1,1,4,511,2,7,109,1
2023-05-16,14:06:44,5,1,1,4,511,2,9,129,1
2023-05-16,14:06:44,5,1,1,4,511,3,13,169,1
2023-05-16,14:07:24,5,1,1,3,512,1,1,49,1
2023-05-16,14:07:24,5,1,1,3,512,1,2,59,1
2023-05-16,14:07:24,5,1,1,3,512,1,3,69,1
2023-05-16,14:07:57,5,1,1,3,513,1,1,49,2
2023-05-16,14:07:57,5,1,1,3,513,1,2,59,1
2023-05-16,14:07:57,5,1,1,3,513,1,3,69,1
2023-05-16,14:08:26,5,1,1,3,514,1,1,49,2
2023-05-16,14:08:26,5,1,1,3,514,2,9,129,1
2023-05-16,14:08:26,5,1,1,3,514,3,11,149,1
2023-05-16,14:08:36,5,1,1,3,515,1,1,49,1
2023-05-16,14:08:36,5,1,1,3,515,1,2,59,1
2023-05-16,14:08:36,5,1,1,3,515,1,3,69,1
2023-05-16,15:33:47,5,1,1,3,516,1,2,59,2
2023-05-16,15:33:47,5,1,1,3,516,1,3,69,1
2023-05-16,15:33:47,5,1,1,3,516,2,9,129,1
2023-05-16,15:48:53,5,1,1,3,517,1,2,59,1
2023-05-16,15:48:53,5,1,1,3,517,1,3,69,1
2023-05-16,15:48:53,5,1,1,3,517,2,9,129,1
2023-05-16,22:22:40,5,1,1,4,518,1,1,49,1
2023-05-16,22:23:55,5,1,1,4,519,1,1,49,7
2023-05-16,22:25:12,5,1,1,4,520,1,2,59,2
2023-05-16,22:25:12,5,1,1,4,520,1,4,79,1
2023-05-16,22:25:12,5,1,1,4,520,1,5,89,1
2023-05-16,22:25:12,5,1,1,4,520,2,7,109,2
2023-05-16,22:25:12,5,1,1,4,520,3,11,149,1
2023-05-16,22:25:29,5,1,1,4,521,3,12,159,1
2023-05-16,22:25:29,5,1,1,4,521,3,13,169,1
2023-05-16,22:25:29,5,1,1,4,521,3,14,179,1
2023-05-16,23:01:03,5,1,1,4,522,1,2,59,3
2023-05-16,23:01:03,5,1,1,4,522,1,5,89,3
2023-05-16,23:01:03,5,1,1,4,522,2,9,129,3
2023-05-16,23:25:01,5,1,1,4,523,1,5,89,1
2023-05-16,23:25:01,5,1,1,4,523,5,22,259,1
2023-05-16,23:54:11,5,1,1,4,524,1,1,49,1
2023-05-16,23:54:11,5,1,1,4,524,1,2,59,2
2023-05-16,23:54:11,5,1,1,4,524,1,4,79,1
2023-05-16,23:56:04,5,1,1,4,525,1,2,59,1
2023-05-20,16:23:37,5,5,1,4,526,1,1,49,1
2023-05-20,16:23:37,5,5,1,4,526,1,4,79,1
2023-05-22,16:37:54,5,0,1,4,527,1,1,49,3
2023-05-22,16:37:54,5,0,1,4,527,1,2,59,1
2023-05-22,16:37:54,5,0,1,4,527,1,4,79,1
2023-05-22,16:38:21,5,0,1,4,528,4,16,199,1
2023-05-22,16:38:21,5,0,1,4,528,4,17,209,1
2023-05-22,16:38:21,5,0,1,4,528,5,21,249,1
2023-05-22,16:38:31,5,0,1,4,529,4,18,219,1
2023-05-22,16:59:57,5,0,1,4,530,3,13,169,1
2023-05-22,16:59:57,5,0,1,4,530,3,14,179,1
2023-05-22,16:59:57,5,0,1,4,530,3,15,189,1
2023-05-22,16:59:57,5,0,1,4,530,4,16,199,1
2023-05-22,16:59:57,5,0,1,4,530,4,17,209,1
2023-05-22,16:59:57,5,0,1,4,530,4,18,219,1
2023-05-22,18:25:12,5,0,1,1,531,1,2,59,1
2023-05-22,20:05:34,5,0,1,1,532,1,1,49,2
2023-05-22,20:05:34,5,0,1,1,532,1,2,59,1
2023-05-22,20:05:34,5,0,1,1,532,1,4,79,2
